{"cameraMode":{"drawMode":0,"name":"Shaded","section":"Shading Mode"},"sceneLighting":true,"audioPlay":false,"sceneViewState":{"showFog":true,"showMaterialUpdate":false,"showSkybox":true,"showFlares":true,"showImageEffects":true,"showParticleSystems":true},"in2DMode":false,"pivot":{"x":-4.625319004058838,"y":12.24354076385498,"z":5.7762932777404789},"rotation":{"x":-0.32142379879951479,"y":-0.29502010345458987,"z":0.10612427443265915,"w":-0.8935322165489197},"size":8.128706932067871,"orthographic":false}