{"cameraMode":{"drawMode":0,"name":"Shaded","section":"Shading Mode"},"sceneLighting":false,"audioPlay":false,"sceneViewState":{"showFog":true,"showMaterialUpdate":true,"showSkybox":false,"showFlares":true,"showImageEffects":true,"showParticleSystems":true},"in2DMode":false,"pivot":{"x":0.17211785912513734,"y":1.2726548910140992,"z":0.6730003356933594},"rotation":{"x":0.3024675250053406,"y":0.49540743231773379,"z":-0.1892441213130951,"w":0.7920767664909363},"size":6.298478603363037,"orthographic":false}