{"cameraMode":{"drawMode":0,"name":"Shaded","section":"Shading Mode"},"sceneLighting":false,"audioPlay":false,"sceneViewState":{"showFog":true,"showMaterialUpdate":true,"showSkybox":false,"showFlares":true,"showImageEffects":true,"showParticleSystems":true},"in2DMode":false,"pivot":{"x":-0.24901506304740907,"y":33.70134735107422,"z":-4.239999771118164},"rotation":{"x":0.2601458728313446,"y":0.6712648272514343,"z":-0.2738529443740845,"w":0.6378404498100281},"size":113.21475982666016,"orthographic":false}