{"cameraMode":{"drawMode":0,"name":"Shaded","section":"Shading Mode"},"sceneLighting":true,"audioPlay":false,"sceneViewState":{"showFog":true,"showMaterialUpdate":true,"showSkybox":true,"showFlares":true,"showImageEffects":true,"showParticleSystems":true},"in2DMode":false,"pivot":{"x":4.2067341804504398,"y":-36.93604278564453,"z":8.552881240844727},"rotation":{"x":0.5725679397583008,"y":0.07184166461229325,"z":-0.05054653435945511,"w":0.8152146935462952},"size":73.3724365234375,"orthographic":false}